levels,f1,lo,hi,chance
0.3,33.30241849183135,30.955198906331386,35.659863442641395,1.812798744381822
0.45,31.187718825747375,29.110196024981015,33.34485209236459,2.054268785348775
0.6,29.13124611237819,26.63748146814081,31.55248329518361,1.351855691478333
0.9,26.793123888559574,24.396272829817363,29.05199453929352,1.4483303694921952
1.2,25.421875,23.154437923583842,27.71491185503644,1.896875
1.8,24.00555041628122,21.59681534476948,26.418504125667095,1.9071847055195805
2.4,17.416912074042912,14.881634800953982,19.96172584372706,1.2494741270509044
3.6,12.614509845214279,10.640246123736013,14.645349642092235,1.1593134674107612
5.0,7.027922385234264,5.951185117520469,8.20932334942958,0.8601514434453383
10.0,5.165370931611543,4.053127085294491,6.569624351200862,0.3057056265647648
