detector,kind,level,matches,predictions,references,oracle_matches,f1,oracle_f1
colour,fixed,0.3,49,912,5977,61.4,1.422557700682247,1.782551894324285
colour,fixed,0.45,50,485,5977,61.1,1.547508511296812,1.8910554008047045
colour,fixed,0.6,53,497,5977,62.1,1.6373185047883843,1.918443002780352
colour,fixed,0.9,50,390,5977,61.3,1.570598397989634,1.9255536359352914
colour,fixed,1.2,50,369,5977,60.9,1.575795776867318,1.9193192562243933
colour,fixed,1.8,45,361,5977,55.6,1.4200063111391605,1.7544966866519407
colour,fixed,2.4,40,314,5977,49.5,1.2716579240184391,1.5736766809728182
colour,fixed,3.6,31,207,5977,35.5,1.0025873221216042,1.148124191461837
colour,fixed,5.0,15,189,5977,19.1,0.4865390853065196,0.6195264352903017
colour,fixed,10.0,2,37,5977,3.4,0.06651147322913202,0.11306950448952444
colour,per_level,0.3,49,912,5977,61.4,1.422557700682247,1.782551894324285
colour,per_level,0.45,50,485,5977,61.1,1.547508511296812,1.8910554008047045
colour,per_level,0.6,53,497,5977,62.1,1.6373185047883843,1.918443002780352
colour,per_level,0.9,50,390,5977,61.3,1.570598397989634,1.9255536359352914
colour,per_level,1.2,59,449,5977,66.5,1.8362900715841892,2.0697167755991286
colour,per_level,1.8,25,244,5977,42.5,0.8037293039704227,1.3663398167497187
colour,per_level,2.4,48,412,5977,58.3,1.5025825637814993,1.8250117389262794
colour,per_level,3.6,38,278,5977,44.4,1.2150279776179056,1.419664268585132
colour,per_level,5.0,22,263,5977,24.400000000000002,0.7051282051282052,0.782051282051282
colour,per_level,10.0,3,65,5977,4.0,0.09930486593843098,0.132406487917908
owlv2,fixed,0.3,4804,31516,5977,5130.5,25.62611687515003,27.367775318059373
owlv2,fixed,0.45,4075,14996,5977,4368.7,38.859486005817004,41.66022981929147
owlv2,fixed,0.6,3574,10712,5977,3915.6,42.8306069866379,46.924321409311524
owlv2,fixed,0.9,3071,7965,5977,3534.7,44.05393774207431,50.705781093099986
owlv2,fixed,1.2,2821,6823,5977,3212.7,44.078125,50.1984375
owlv2,fixed,1.8,1875,3610,5977,2068.5,39.115468864086786,43.15218525086054
owlv2,fixed,2.4,702,1112,5977,702.6,19.805332204824374,19.822259839187474
owlv2,fixed,3.6,31,44,5977,29.2,1.029729280850357,0.9699385484138847
owlv2,fixed,5.0,1,1,5977,0.8,0.03345600535296086,0.026764804282368684
owlv2,fixed,10.0,0,0,5977,0.0,0.0,0.0
owlv2,per_level,0.3,3437,8040,5977,3600.8,49.040450881072985,51.3776128986231
owlv2,per_level,0.45,3447,8875,5977,3743.5,46.41799084298411,50.41071909507137
owlv2,per_level,0.6,2297,3669,5977,2155.7,47.625958946713666,44.69624714907733
owlv2,per_level,0.9,2278,4145,5977,2365.7,45.010867417506425,46.743726536257654
owlv2,per_level,1.2,2821,6823,5977,3212.7,44.078125,50.1984375
owlv2,per_level,1.8,2688,6995,5977,3158.0,41.443108233117485,48.68948504471169
owlv2,per_level,2.4,1623,3531,5977,1875.3,34.139671855279765,39.44678165755153
owlv2,per_level,3.6,1205,3520,5977,1631.0,25.37643466357797,34.34768874381383
owlv2,per_level,5.0,805,2475,5977,1321.1,19.048745858968292,31.261239943208707
owlv2,per_level,10.0,568,1612,5977,552.2,14.969034128343655,14.552641981815787
owlvit,fixed,0.3,3073,8833,5977,3579.6,41.49898717083052,48.34031060094531
owlvit,fixed,0.45,2840,7227,5977,3294.5,43.01726749469858,49.90154498636777
owlvit,fixed,0.6,2610,5827,5977,2930.6,44.22229752626228,49.65435445611657
owlvit,fixed,0.9,2211,4584,5977,2495.3,41.87103493987312,47.25499479215984
owlvit,fixed,1.2,1696,3101,5977,1754.4,37.365058382903726,38.651685393258425
owlvit,fixed,1.8,688,1116,5977,662.7,19.39940786691104,18.686028478781896
owlvit,fixed,2.4,286,439,5977,255.0,8.915211970074813,7.948877805486284
owlvit,fixed,3.6,22,29,5977,18.2,0.7326007326007326,0.6060606060606061
owlvit,fixed,5.0,3,3,5977,1.5999999999999999,0.10033444816053512,0.05351170568561873
owlvit,fixed,10.0,0,0,5977,0.0,0.0,0.0
owlvit,per_level,0.3,2434,4880,5977,2668.7,44.83743207147462,49.16091001197384
owlvit,per_level,0.45,2174,3952,5977,2283.4,43.79091550005036,45.99456138583946
owlvit,per_level,0.6,1929,3209,5977,1937.7,41.99869366427172,42.188112344872636
owlvit,per_level,0.9,1548,2420,5977,1497.9,36.87031082529475,35.67702750982494
owlvit,per_level,1.2,1696,3101,5977,1754.4,37.365058382903726,38.651685393258425
owlvit,per_level,1.8,1621,4305,5977,2027.6,31.530830577708617,39.43979770472671
owlvit,per_level,2.4,1390,4224,5977,1455.6,27.2522301735124,28.538378590334283
owlvit,per_level,3.6,972,3957,5977,1135.4,19.569156432454196,22.85886853231327
owlvit,per_level,5.0,335,1326,5977,402.1,9.174311926605505,11.011912912501712
owlvit,per_level,10.0,97,1347,5977,65.2,2.648825778263244,1.7804478427089023
