detector,kind,level,f1,oracle_f1,diff,lo,hi
colour,fixed,0.3,1.422557700682247,1.7825518943242853,-0.35999419364203833,-0.6791161192359946,-0.047957819748542206
colour,fixed,0.45,1.547508511296812,1.8910554008047047,-0.3435468895078926,-0.7210114245457899,0.02714028972040699
colour,fixed,0.6,1.6373185047883843,1.9184430027803518,-0.2811244979919676,-0.6139643919022967,0.06755892789881628
colour,fixed,0.9,1.570598397989634,1.9255536359352914,-0.3549552379456573,-0.7711792198632637,0.050226116558844104
colour,fixed,1.2,1.575795776867318,1.9193192562243933,-0.34352347935707517,-0.6812734223056799,0.02523837057166743
colour,fixed,1.8,1.4200063111391605,1.7544966866519405,-0.33449037551277994,-0.6899589937300753,0.021262018214113387
colour,fixed,2.4,1.2716579240184391,1.5736766809728182,-0.3020187569543791,-0.5603946666950419,-0.04662874536329093
colour,fixed,3.6,1.0025873221216042,1.148124191461837,-0.1455368693402328,-0.41548971592912476,0.15710589113178428
colour,fixed,5.0,0.4865390853065196,0.6195264352903016,-0.13298734998378198,-0.3549867633957538,0.06691370598756595
colour,fixed,10.0,0.06651147322913202,0.11306950448952444,-0.046558031260392416,-0.1299049298399234,0.0
colour,per_level,0.3,1.422557700682247,1.7825518943242853,-0.35999419364203833,-0.6648134446208456,-0.05675776832816087
colour,per_level,0.45,1.547508511296812,1.8910554008047047,-0.3435468895078926,-0.7100810633484866,0.009218301391902075
colour,per_level,0.6,1.6373185047883843,1.9184430027803518,-0.2811244979919676,-0.6368068954109924,0.07605208379092603
colour,per_level,0.9,1.570598397989634,1.9255536359352914,-0.3549552379456573,-0.7548330270031727,0.07614563003113303
colour,per_level,1.2,1.8362900715841892,2.0697167755991286,-0.23342670401493937,-0.5862443114974978,0.13733245532396604
colour,per_level,1.8,0.8037293039704227,1.3663398167497187,-0.562610512779296,-0.9937152043900819,-0.1963684007408976
colour,per_level,2.4,1.5025825637814993,1.8250117389262794,-0.3224291751447801,-0.5787516567929567,-0.06673542676877946
colour,per_level,3.6,1.2150279776179056,1.4196642685851322,-0.20463629096722658,-0.4845839561563537,0.028590364429288438
colour,per_level,5.0,0.7051282051282052,0.782051282051282,-0.07692307692307687,-0.2525586383804723,0.11440986315990048
colour,per_level,10.0,0.09930486593843098,0.132406487917908,-0.03310162197947701,-0.11246235892816635,0.019009786162157327
owlv2,fixed,0.3,25.62611687515003,27.367775318059373,-1.741658442909344,-2.097571680443065,-1.4456248166428016
owlv2,fixed,0.45,38.859486005817004,41.66022981929147,-2.800743813474469,-3.561437143317305,-2.1018560712655856
owlv2,fixed,0.6,42.8306069866379,46.924321409311524,-4.093714422673621,-5.078094441803038,-3.055203082953577
owlv2,fixed,0.9,44.05393774207431,50.705781093099986,-6.651843351025676,-8.0246011556773,-5.24527515126199
owlv2,fixed,1.2,44.078125,50.1984375,-6.120312499999997,-7.609127412725227,-4.59862082276533
owlv2,fixed,1.8,39.115468864086786,43.15218525086054,-4.0367163867737546,-6.180844073952866,-1.5181476024439993
owlv2,fixed,2.4,19.805332204824374,19.822259839187474,-0.01692763436309974,-2.0706933502923572,1.8936935653039375
owlv2,fixed,3.6,1.029729280850357,0.9699385484138847,0.05979073243647237,-0.3119520156991695,0.41217407336860734
owlv2,fixed,5.0,0.03345600535296086,0.026764804282368684,0.006691201070592175,0.0,0.021804712697334888
owlv2,fixed,10.0,0.0,0.0,0.0,0.0,0.0
owlv2,per_level,0.3,49.040450881072985,51.3776128986231,-2.3371620175501135,-3.8147004921671823,-1.0024753699545679
owlv2,per_level,0.45,46.41799084298411,50.410719095071364,-3.992728252087254,-5.251899013176321,-2.7748004786838156
owlv2,per_level,0.6,47.625958946713666,44.696247149077344,2.9297117976363225,1.0448452095208451,4.746569035992902
owlv2,per_level,0.9,45.010867417506425,46.743726536257654,-1.7328591187512288,-3.7875128994310385,0.21487508690474813
owlv2,per_level,1.2,44.078125,50.1984375,-6.120312499999997,-7.597734228211211,-4.545142378578865
owlv2,per_level,1.8,41.443108233117485,48.68948504471169,-7.246376811594203,-8.895032566655042,-5.664393116544299
owlv2,per_level,2.4,34.139671855279765,39.44678165755153,-5.307109802271768,-7.5142978415774335,-3.2009515663423462
owlv2,per_level,3.6,25.37643466357797,34.34768874381384,-8.97125408023587,-11.367264410379613,-6.58916751098428
owlv2,per_level,5.0,19.048745858968292,31.261239943208707,-12.212494084240415,-14.889783883754285,-9.638504508454353
owlv2,per_level,10.0,14.969034128343655,14.552641981815787,0.41639214652786727,-0.6379553239305391,1.471470886603159
owlvit,fixed,0.3,41.49898717083052,48.34031060094531,-6.841323430114791,-8.040667449807312,-5.728301396272892
owlvit,fixed,0.45,43.01726749469858,49.90154498636777,-6.884277491669188,-8.322751592108364,-5.450165328099738
owlvit,fixed,0.6,44.22229752626228,49.65435445611657,-5.432056929854291,-7.013740799815767,-3.906653265537402
owlvit,fixed,0.9,41.87103493987312,47.25499479215983,-5.383959852286708,-7.189201272370774,-3.488845832385948
owlvit,fixed,1.2,37.365058382903726,38.651685393258425,-1.2866270103546995,-2.9336378728016665,0.33110247524555275
owlvit,fixed,1.8,19.39940786691104,18.686028478781896,0.7133793881291446,-0.7839177243037515,1.981325902878061
owlvit,fixed,2.4,8.915211970074813,7.948877805486284,0.9663341645885284,-0.19648929416795916,1.8836036081411411
owlvit,fixed,3.6,0.7326007326007326,0.6060606060606061,0.12654012654012647,0.006870592941100097,0.24660203210122478
owlvit,fixed,5.0,0.10033444816053512,0.05351170568561873,0.04682274247491639,0.0,0.10638984155103558
owlvit,fixed,10.0,0.0,0.0,0.0,0.0,0.0
owlvit,per_level,0.3,44.83743207147462,49.16091001197384,-4.323477940499217,-6.15725234153168,-2.5048465592636595
owlvit,per_level,0.45,43.79091550005036,45.99456138583946,-2.2036458857891006,-4.1334170021662935,-0.14472505600382968
owlvit,per_level,0.6,41.99869366427172,42.188112344872636,-0.18941868060091593,-2.180742336507295,1.6511290613358716
owlvit,per_level,0.9,36.87031082529475,35.67702750982494,1.193283315469813,-0.32435630240343527,2.7366371643414564
owlvit,per_level,1.2,37.365058382903726,38.651685393258425,-1.2866270103546995,-2.912983373154318,0.28369968705072035
owlvit,per_level,1.8,31.530830577708617,39.43979770472671,-7.908967127018091,-9.658722901711094,-6.173379626866841
owlvit,per_level,2.4,27.2522301735124,28.538378590334283,-1.2861484168218809,-2.4845882287941534,0.01983483439257268
owlvit,per_level,3.6,19.569156432454196,22.85886853231327,-3.2897120998590736,-4.421795940222135,-2.137237146163164
owlvit,per_level,5.0,9.174311926605505,11.011912912501712,-1.8376009858962075,-2.941552991232949,-0.764804319711361
owlvit,per_level,10.0,2.648825778263244,1.7804478427089019,0.8683779355543422,0.4588937795251197,1.3483271732550433
