detector,setting,iou,sim_method,s2_f1,s2_ci,sim_f1,sim_ci,diff_s2_minus_sim,diff_ci,oracle_f1_on_s2,n_chips,s2_predictions,s2_matches
owlvit,fixed,0.25,area,0.0,"[0.0, 0.0]",0.0,"[0.0, 0.0]",0.0,"[0.0, 0.0]",0.0,200,0,0
owlvit,fixed,0.25,blur_resize,0.0,"[0.0, 0.0]",0.0,"[0.0, 0.0]",0.0,"[0.0, 0.0]",0.0,200,0,0
owlvit,fixed,0.5,area,0.0,"[0.0, 0.0]",0.0,"[0.0, 0.0]",0.0,"[0.0, 0.0]",0.0,200,0,0
owlvit,fixed,0.5,blur_resize,0.0,"[0.0, 0.0]",0.0,"[0.0, 0.0]",0.0,"[0.0, 0.0]",0.0,200,0,0
owlvit,per_level,0.25,area,2.4267679862728277,"[1.7223524170164046, 3.2110093366205534]",3.3185840707964602,"[2.4996001687261566, 4.306490901390624]",-0.8918160845236325,"[-1.4462976044353544, -0.3841276709116668]",1.7404093638926343,200,2182,99
owlvit,per_level,0.25,blur_resize,2.4267679862728277,"[1.7223524170164046, 3.2110093366205534]",2.648825778263244,"[1.8758132408839912, 3.612559673134503]",-0.2220577919904163,"[-0.7698486345982865, 0.2848417837590953]",1.7404093638926343,200,2182,99
owlvit,per_level,0.5,area,0.8579482779752421,"[0.5407262715942771, 1.2261491383586798]",1.1307767944936087,"[0.7685307861240119, 1.5480180486976076]",-0.2728285165183666,"[-0.5431549813624225, -0.02463183739617205]",0.44368182375291076,200,2182,35
owlvit,per_level,0.5,blur_resize,0.8579482779752421,"[0.5407262715942771, 1.2261491383586798]",1.0376843255051884,"[0.6181666864819879, 1.5226908928016678]",-0.17973604752994632,"[-0.513763777997832, 0.12720236966976237]",0.44368182375291076,200,2182,35
owlv2,fixed,0.25,area,0.0,"[0.0, 0.0]",0.0,"[0.0, 0.0]",0.0,"[0.0, 0.0]",0.0,200,0,0
owlv2,fixed,0.25,blur_resize,0.0,"[0.0, 0.0]",0.0,"[0.0, 0.0]",0.0,"[0.0, 0.0]",0.0,200,0,0
owlv2,fixed,0.5,area,0.0,"[0.0, 0.0]",0.0,"[0.0, 0.0]",0.0,"[0.0, 0.0]",0.0,200,0,0
owlv2,fixed,0.5,blur_resize,0.0,"[0.0, 0.0]",0.0,"[0.0, 0.0]",0.0,"[0.0, 0.0]",0.0,200,0,0
owlv2,per_level,0.25,area,10.38340666247643,"[8.813646283484958, 12.289321807444148]",20.711661187391222,"[18.821527248706733, 22.736971090286964]",-10.328254524914792,"[-11.823246899318576, -8.807004244389216]",12.05531112507857,200,1978,413
owlv2,per_level,0.25,blur_resize,10.38340666247643,"[8.813646283484958, 12.289321807444148]",14.969034128343655,"[12.676222862081692, 17.674054549203614]",-4.5856274658672245,"[-6.238061769390676, -3.0925089489073865]",12.05531112507857,200,1978,413
owlv2,per_level,0.5,area,2.1873035826524196,"[1.5739772070407736, 2.9284306454169116]",6.304389866563527,"[5.373971778384376, 7.377070655703344]",-4.1170862839111075,"[-5.128894265269688, -3.2306819099139]",3.052168447517285,200,1978,87
owlv2,per_level,0.5,blur_resize,2.1873035826524196,"[1.5739772070407736, 2.9284306454169116]",5.165370931611543,"[4.053127085294491, 6.569624351200862]",-2.978067348959123,"[-4.093060152237553, -2.0082350633538195]",3.052168447517285,200,1978,87
colour,fixed,0.25,area,4.991907317488713,"[3.9865907512568572, 6.261054972767551]",0.26298487836949375,"[0.03355634377267843, 0.5868985989185602]",4.728922439119219,"[3.706114983923917, 5.91289438678674]",6.128290314336826,200,5762,293
colour,fixed,0.25,blur_resize,4.991907317488713,"[3.9865907512568572, 6.261054972767551]",0.06651147322913202,"[0.0, 0.17307026652821045]",4.925395844259581,"[3.9162533514066853, 6.175642421732085]",6.128290314336826,200,5762,293
colour,fixed,0.5,area,1.6185365022574325,"[1.0877565454239184, 2.2581221284918316]",0.03287310979618672,"[0.0, 0.10417184090984387]",1.5856633924612458,"[1.0655220247844288, 2.231038983641056]",2.1824686940966003,200,5762,95
colour,fixed,0.5,blur_resize,1.6185365022574325,"[1.0877565454239184, 2.2581221284918316]",0.0,"[0.0, 0.0]",1.6185365022574325,"[1.0877565454239184, 2.2581221284918316]",2.1824686940966003,200,5762,95
colour,per_level,0.25,area,4.009671569615152,"[3.1450767431660887, 5.1332490533220945]",0.3279763857002296,"[0.03569254511695549, 0.7168980279989543]",3.681695183914923,"[2.8169796612547433, 4.773347254792998]",5.648801128349789,200,13875,398
colour,per_level,0.25,blur_resize,4.009671569615152,"[3.1450767431660887, 5.1332490533220945]",0.09930486593843098,"[0.0, 0.22632848807159459]",3.9103667036767216,"[3.036028764306678, 5.03590382406553]",5.648801128349789,200,13875,398
colour,per_level,0.5,area,1.1887970985291154,"[0.8786740435402922, 1.575324303533261]",0.09839291571006888,"[0.0, 0.27304531707961777]",1.0904041828190465,"[0.7657191776492107, 1.4810101281076449]",2.110618577473303,200,13875,118
colour,per_level,0.5,blur_resize,1.1887970985291154,"[0.8786740435402922, 1.575324303533261]",0.0,"[0.0, 0.0]",1.1887970985291154,"[0.8786740435402922, 1.575324303533261]",2.110618577473303,200,13875,118
