city,detector,method,n_chips,peak_gsd,peak_f1,break_gsd,break_lo,break_hi,f1_0.9,f1_2.4,f1_2.4_lo,f1_2.4_hi,f1_3.6,f1_5
AOI_3_Paris,owlvit,area,220,1.2,45.18118735543562,2.5560184553742955,2.3448526197448585,2.699113937314158,44.290563475899525,23.44110854503464,19.258424662311786,27.01104323143799,1.9210977701543739,0.0
AOI_5_Khartoum,owlvit,area,180,0.9,36.834614289780816,2.1565318652179393,1.9487505926760027,2.3011917448329466,36.834614289780816,11.579378068739771,8.370362510117317,14.780681767673522,0.4034969737726967,0.04501462975467027
AOI_3_Paris,owlvit,blur_resize,220,1.2,46.82784948191238,2.075240908018298,1.9973925860001016,2.143844489130911,45.88142292490119,9.055374592833877,6.763509367394199,11.483838045590772,0.34674063800277394,0.0
AOI_5_Khartoum,owlvit,blur_resize,180,0.45,37.64049838808051,1.7804886270691789,1.5538876129247101,1.9220375216165417,36.858006042296076,2.6077348066298343,1.4315864637983464,3.894643780329388,0.13498312710911137,0.045024763619991
AOI_3_Paris,owlv2,area,220,2.4,46.445286382883886,3.1379408517835174,3.040284719753891,3.233026306782933,43.94083322024698,46.445286382883886,41.40537082389817,49.87501098602918,11.139896373056995,0.2081887578070784
AOI_5_Khartoum,owlv2,area,180,0.6,36.014287473826826,2.039120729116435,1.7141690255356372,2.2835905340714797,33.78163412870571,12.260692464358453,8.225441339326428,16.194543278199344,0.761307657859382,0.1799370220422852
AOI_3_Paris,owlv2,blur_resize,220,0.9,45.48578569197126,2.3239958584983893,2.147993601747907,2.517608679542398,45.48578569197126,18.65189289012004,13.990507209087509,22.87511620038495,0.06944444444444445,0.0
AOI_5_Khartoum,owlv2,blur_resize,180,0.45,34.62975778546713,1.4211557555411003,1.249084863877396,1.5442884900471014,31.256830601092897,2.349811571713589,1.2015837171205777,3.664910456972559,0.13492241960872497,0.0
AOI_3_Paris,colour,area,220,1.2,13.009922822491731,4.754698599480541,4.106333206508546,5.53164948121948,12.771525778591991,11.665208515602217,9.180616883324557,13.548035719254637,9.172661870503598,6.0643951234760864
AOI_5_Khartoum,colour,area,180,0.9,1.3557929334428924,6.385314530539459,4.250902534977906,8.435550325651086,1.3557929334428924,1.2161878800587125,0.7359895828917726,1.7321159078956394,1.023454157782516,0.8680555555555556
AOI_3_Paris,colour,blur_resize,220,0.6,12.830793905372895,3.368747486331553,2.8520395921506667,3.881073465727721,12.735981966751197,9.555288461538462,6.994989098005081,11.682958612641338,5.860349127182045,2.359882005899705
AOI_5_Khartoum,colour,blur_resize,180,0.45,1.3556618819776713,4.333108800499122,2.983313178893966,5.906189796442024,1.3236814891416753,1.0171646535282899,0.592642350354128,1.466257029700714,0.9081081081081082,0.5721830985915493
AOI_2_Vegas,owlvit,area,200,0.9,43.71584699453552,2.3109583949177255,2.1608618263618005,2.5342159378114886,43.71584699453552,18.836486868116353,15.835491515963996,21.781326864462986,3.8067349926793557,0.7988017973040439
AOI_2_Vegas,owlvit,blur_resize,200,0.6,44.22229752626228,1.740140954304753,1.6040707248883082,1.9352692043653545,41.87103493987312,8.915211970074813,6.898004278724553,11.282481704989017,0.7326007326007326,0.10033444816053512
AOI_2_Vegas,owlv2,area,200,1.2,43.521594684385384,3.10002933343422,2.903238015242484,3.3198925926161076,43.04897314375987,36.651533606466614,32.84734657815682,40.301419771345564,10.417310664605873,0.7321131447587355
AOI_2_Vegas,owlv2,blur_resize,200,1.2,44.078125,2.384653609940544,2.213297188052614,2.6133345581066942,44.05393774207431,19.805332204824374,15.632055511116565,24.24676194374784,1.029729280850357,0.03345600535296086
AOI_2_Vegas,colour,area,200,0.6,1.6252683226004294,6.374155970117028,5.249217448621931,7.125905302818269,1.5892801495793083,1.475204017576899,0.634186591673655,2.5109586896339784,1.3289036544850499,1.1244979919678715
AOI_2_Vegas,colour,blur_resize,200,0.6,1.6373185047883843,3.9960133352684983,2.9520349871350744,4.580923293585524,1.570598397989634,1.2716579240184391,0.5277188949146949,2.1848567713701095,1.0025873221216042,0.4865390853065196
