detector,method,group,n_chips,median_side_m,peak_gsd,peak_f1,break_gsd,break_lo,break_hi,f1_1.8,f1_2.4,f1_3.6
owlvit,area,small,137,8.71888252335334,0.9,38.48448028277919,2.148123447770625,1.9667108952717567,2.3121206508560186,27.2711893080697,12.228878330923363,0.9995456610631531
owlvit,area,medium,137,12.261233244500199,0.9,42.819890297635105,2.416926199444767,2.232826647403924,2.613612662675389,36.520528879610296,19.43102522812668,2.217203859577089
owlvit,area,large,137,16.011768087428973,1.2,44.16676679082062,2.4073642646526814,2.210436975230263,2.6287714154855597,36.87041564792176,21.13285272914521,3.776325344952796
owlvit,blur_resize,small,137,8.71888252335334,0.45,38.80419718867551,1.7583696409545266,1.5321401971931061,1.9154191251886128,16.749158582458918,3.6184945275854368,0.09176416609314063
owlvit,blur_resize,medium,137,12.261233244500199,0.6,43.66339359456731,1.9716086947885254,1.8022212417575338,2.0660816561001147,25.269541778975743,8.066102695258705,0.4154549231408392
owlvit,blur_resize,large,137,16.011768087428973,0.6,44.42071542979178,1.929090510213037,1.7118247489405092,2.0738446137779176,24.644359847725905,9.114041175109877,0.8906481939633845
owlv2,area,small,137,8.71888252335334,0.9,35.49605217988328,2.867613371255856,2.6325938668987434,3.0535985423210334,29.695777205993643,26.925722145804677,4.749223257878384
owlv2,area,medium,137,12.261233244500199,1.2,43.73946037099494,3.020073686014666,2.8401989979889914,3.1656017473995752,41.847481284101,35.790112223233244,8.255974718546316
owlv2,area,large,137,16.011768087428973,0.9,45.5863539445629,2.9883114896093064,2.742894240002708,3.238734003191553,42.63945197819097,35.148009527050014,9.679649688868404
owlv2,blur_resize,small,137,8.71888252335334,0.6,35.0696348283803,2.07900875787596,1.7791274235512167,2.3641375806004037,22.457399103139014,11.388947257827274,0.09172208209126347
owlv2,blur_resize,medium,137,12.261233244500199,0.9,44.08817635270541,2.1767555285309066,2.0261870846400316,2.3416169089421595,32.00124397449852,14.414753481369965,0.2909997921430056
owlv2,blur_resize,large,137,16.011768087428973,0.9,45.87350105807665,2.2451794920641666,2.033916212375903,2.5164441733123093,36.14339499099689,17.30727936439768,1.2807881773399015
