config,level,matches,predictions,references,removed,chance_matches,precision,recall,f1,chance_f1
paper_fixed|max15,0.3,56,1558,3202,10,,3.594351732991014,1.7489069331667708,2.3529411764705883,
paper_fixed|max15,0.45,56,453,3202,9,,12.362030905077262,1.7489069331667708,3.064295485636115,
paper_fixed|max15,0.6,54,446,3202,8,,12.10762331838565,1.6864459712679576,2.960526315789474,
paper_fixed|max15,0.9,55,290,3202,8,,18.96551724137931,1.7176764522173642,3.150057273768614,
paper_fixed|max15,1.2,54,244,3202,8,,22.131147540983605,1.6864459712679576,3.134068485200232,
paper_fixed|max15,1.8,46,203,3202,8,,22.660098522167488,1.4366021236727045,2.7019089574155655,
paper_fixed|max15,2.4,39,201,3202,6,,19.402985074626866,1.2179887570268582,2.2920952101087275,
paper_fixed|max15,3.6,31,118,3202,3,,26.271186440677965,0.9681449094316052,1.8674698795180722,
paper_fixed|max15,5.0,13,71,3202,3,,18.309859154929576,0.4059962523422861,0.7943782462572564,
paper_fixed|max15,10.0,1,3,3202,1,,33.333333333333336,0.03123048094940662,0.062402496099843996,
paper_fixed|max195,0.3,64,1568,3202,0,,4.081632653061225,1.9987507807620237,2.6834381551362685,
paper_fixed|max195,0.45,64,462,3202,0,,13.852813852813853,1.9987507807620237,3.493449781659389,
paper_fixed|max195,0.6,61,454,3202,0,,13.43612334801762,1.9050593379138039,3.336980306345733,
paper_fixed|max195,0.9,62,298,3202,0,,20.80536912751678,1.9362898188632105,3.5428571428571427,
paper_fixed|max195,1.2,61,252,3202,0,,24.206349206349206,1.9050593379138039,3.5321366531557614,
paper_fixed|max195,1.8,53,211,3202,0,,25.118483412322274,1.655215490318551,3.1057720480515676,
paper_fixed|max195,2.4,44,207,3202,0,,21.256038647342994,1.3741411617738912,2.5814021707245525,
paper_fixed|max195,3.6,34,121,3202,0,,28.09917355371901,1.061836352279825,2.0463436653626244,
paper_fixed|max195,5.0,16,74,3202,0,,21.62162162162162,0.49968769519050593,0.9768009768009768,
paper_fixed|max195,10.0,2,4,3202,0,,50.0,0.06246096189881324,0.12476606363069245,
paper_fixed|max20,0.3,62,1566,3202,2,,3.9591315453384417,1.9362898188632105,2.6006711409395975,
paper_fixed|max20,0.45,62,460,3202,2,,13.478260869565217,1.9362898188632105,3.3861277990169305,
paper_fixed|max20,0.6,59,452,3202,2,,13.053097345132743,1.8425983760149907,3.2293377120963327,
paper_fixed|max20,0.9,60,296,3202,2,,20.27027027027027,1.8738288569643973,3.4305317324185247,
paper_fixed|max20,1.2,59,250,3202,2,,23.6,1.8425983760149907,3.418308227114716,
paper_fixed|max20,1.8,51,209,3202,2,,24.401913875598087,1.5927545284197377,2.990325417766051,
paper_fixed|max20,2.4,43,206,3202,1,,20.87378640776699,1.3429106808244846,2.523474178403756,
paper_fixed|max20,3.6,33,120,3202,1,,27.5,1.0306058713304185,1.9867549668874172,
paper_fixed|max20,5.0,15,73,3202,1,,20.54794520547945,0.4684572142410993,0.916030534351145,
paper_fixed|max20,10.0,2,4,3202,0,,50.0,0.06246096189881324,0.12476606363069245,
paper_fixed|max30,0.3,64,1568,3202,0,,4.081632653061225,1.9987507807620237,2.6834381551362685,
paper_fixed|max30,0.45,64,462,3202,0,,13.852813852813853,1.9987507807620237,3.493449781659389,
paper_fixed|max30,0.6,61,454,3202,0,,13.43612334801762,1.9050593379138039,3.336980306345733,
paper_fixed|max30,0.9,62,298,3202,0,,20.80536912751678,1.9362898188632105,3.5428571428571427,
paper_fixed|max30,1.2,61,252,3202,0,,24.206349206349206,1.9050593379138039,3.5321366531557614,
paper_fixed|max30,1.8,53,211,3202,0,,25.118483412322274,1.655215490318551,3.1057720480515676,
paper_fixed|max30,2.4,44,207,3202,0,,21.256038647342994,1.3741411617738912,2.5814021707245525,
paper_fixed|max30,3.6,34,121,3202,0,,28.09917355371901,1.061836352279825,2.0463436653626244,
paper_fixed|max30,5.0,16,74,3202,0,,21.62162162162162,0.49968769519050593,0.9768009768009768,
paper_fixed|max30,10.0,2,4,3202,0,,50.0,0.06246096189881324,0.12476606363069245,
paper_fixed|max60,0.3,64,1568,3202,0,,4.081632653061225,1.9987507807620237,2.6834381551362685,
paper_fixed|max60,0.45,64,462,3202,0,,13.852813852813853,1.9987507807620237,3.493449781659389,
paper_fixed|max60,0.6,61,454,3202,0,,13.43612334801762,1.9050593379138039,3.336980306345733,
paper_fixed|max60,0.9,62,298,3202,0,,20.80536912751678,1.9362898188632105,3.5428571428571427,
paper_fixed|max60,1.2,61,252,3202,0,,24.206349206349206,1.9050593379138039,3.5321366531557614,
paper_fixed|max60,1.8,53,211,3202,0,,25.118483412322274,1.655215490318551,3.1057720480515676,
paper_fixed|max60,2.4,44,207,3202,0,,21.256038647342994,1.3741411617738912,2.5814021707245525,
paper_fixed|max60,3.6,34,121,3202,0,,28.09917355371901,1.061836352279825,2.0463436653626244,
paper_fixed|max60,5.0,16,74,3202,0,,21.62162162162162,0.49968769519050593,0.9768009768009768,
paper_fixed|max60,10.0,2,4,3202,0,,50.0,0.06246096189881324,0.12476606363069245,
r100_c15|max15,0.3,136,4711,3202,40,,2.8868605391636595,4.2473454091193,3.437381524074308,
r100_c15|max15,0.45,130,1163,3202,37,,11.17798796216681,4.059962523422861,5.956471935853379,
r100_c15|max15,0.6,138,1045,3202,34,,13.205741626794259,4.309806371018114,6.498704968212856,
r100_c15|max15,0.9,132,594,3202,31,,22.22222222222222,4.122423485321674,6.954689146469969,
r100_c15|max15,1.2,130,506,3202,28,,25.691699604743082,4.059962523422861,7.011866235167206,
r100_c15|max15,1.8,119,430,3202,25,,27.674418604651162,3.7164272329793877,6.552863436123348,
r100_c15|max15,2.4,112,379,3202,21,,29.551451187335093,3.4978138663335416,6.255235967606814,
r100_c15|max15,3.6,81,280,3202,17,,28.928571428571427,2.5296689569019364,4.652498564043653,
r100_c15|max15,5.0,52,220,3202,9,,23.636363636363637,1.6239850093691444,3.0391583869082406,
r100_c15|max15,10.0,2,33,3202,3,,6.0606060606060606,0.06246096189881324,0.12364760432766615,
r100_c15|max195,0.3,169,4751,3202,0,,3.5571458640286258,5.277951280449719,4.249968565321263,
r100_c15|max195,0.45,161,1200,3202,0,,13.416666666666666,5.028107432854466,7.314856883234893,
r100_c15|max195,0.6,165,1079,3202,0,,15.291936978683967,5.153029356652093,7.708479327259986,
r100_c15|max195,0.9,156,625,3202,0,,24.96,4.871955028107433,8.152599947739743,
r100_c15|max195,1.2,152,534,3202,0,,28.46441947565543,4.747033104309806,8.137044967880085,
r100_c15|max195,1.8,138,455,3202,0,,30.32967032967033,4.309806371018114,7.547169811320755,
r100_c15|max195,2.4,128,400,3202,0,,32.0,3.9975015615240475,7.107162687395891,
r100_c15|max195,3.6,93,297,3202,0,,31.31313131313131,2.9044347282948157,5.315804515575879,
r100_c15|max195,5.0,56,229,3202,0,,24.45414847161572,1.7489069331667708,3.2643544156222677,
r100_c15|max195,10.0,4,36,3202,0,,11.11111111111111,0.12492192379762648,0.24706609017912293,
r100_c15|max20,0.3,164,4744,3202,7,,3.4569983136593594,5.1217988757026855,4.12786307576139,
r100_c15|max20,0.45,156,1193,3202,7,,13.076278290025147,4.871955028107433,7.098976109215017,
r100_c15|max20,0.6,160,1073,3202,6,,14.911463187325257,4.996876951905059,7.485380116959064,
r100_c15|max20,0.9,151,618,3202,7,,24.433656957928804,4.7158026233604,7.9057591623036645,
r100_c15|max20,1.2,147,527,3202,7,,27.893738140417458,4.590880699562773,7.884151246983105,
r100_c15|max20,1.8,134,449,3202,6,,29.844097995545656,4.184884447220488,7.340454669953437,
r100_c15|max20,2.4,124,394,3202,6,,31.472081218274113,3.872579637726421,6.896551724137931,
r100_c15|max20,3.6,89,292,3202,5,,30.47945205479452,2.7795128044971893,5.094447624499141,
r100_c15|max20,5.0,54,225,3202,4,,24.0,1.6864459712679576,3.151444412022177,
r100_c15|max20,10.0,3,34,3202,2,,8.823529411764707,0.09369144284821987,0.18541409147095178,
r100_c15|max30,0.3,168,4750,3202,1,,3.536842105263158,5.246720799500312,4.225352112676056,
r100_c15|max30,0.45,160,1199,3202,1,,13.344453711426189,4.996876951905059,7.271074755737333,
r100_c15|max30,0.6,164,1078,3202,1,,15.213358070500927,5.1217988757026855,7.663551401869159,
r100_c15|max30,0.9,156,625,3202,0,,24.96,4.871955028107433,8.152599947739743,
r100_c15|max30,1.2,152,534,3202,0,,28.46441947565543,4.747033104309806,8.137044967880085,
r100_c15|max30,1.8,138,455,3202,0,,30.32967032967033,4.309806371018114,7.547169811320755,
r100_c15|max30,2.4,128,400,3202,0,,32.0,3.9975015615240475,7.107162687395891,
r100_c15|max30,3.6,93,297,3202,0,,31.31313131313131,2.9044347282948157,5.315804515575879,
r100_c15|max30,5.0,56,229,3202,0,,24.45414847161572,1.7489069331667708,3.2643544156222677,
r100_c15|max30,10.0,4,36,3202,0,,11.11111111111111,0.12492192379762648,0.24706609017912293,
r100_c15|max60,0.3,169,4751,3202,0,,3.5571458640286258,5.277951280449719,4.249968565321263,
r100_c15|max60,0.45,161,1200,3202,0,,13.416666666666666,5.028107432854466,7.314856883234893,
r100_c15|max60,0.6,165,1079,3202,0,,15.291936978683967,5.153029356652093,7.708479327259986,
r100_c15|max60,0.9,156,625,3202,0,,24.96,4.871955028107433,8.152599947739743,
r100_c15|max60,1.2,152,534,3202,0,,28.46441947565543,4.747033104309806,8.137044967880085,
r100_c15|max60,1.8,138,455,3202,0,,30.32967032967033,4.309806371018114,7.547169811320755,
r100_c15|max60,2.4,128,400,3202,0,,32.0,3.9975015615240475,7.107162687395891,
r100_c15|max60,3.6,93,297,3202,0,,31.31313131313131,2.9044347282948157,5.315804515575879,
r100_c15|max60,5.0,56,229,3202,0,,24.45414847161572,1.7489069331667708,3.2643544156222677,
r100_c15|max60,10.0,4,36,3202,0,,11.11111111111111,0.12492192379762648,0.24706609017912293,
r100_c25|max15,0.3,56,1558,3202,10,,3.594351732991014,1.7489069331667708,2.3529411764705883,
r100_c25|max15,0.45,56,454,3202,9,,12.334801762114537,1.7489069331667708,3.063457330415755,
r100_c25|max15,0.6,54,446,3202,8,,12.10762331838565,1.6864459712679576,2.960526315789474,
r100_c25|max15,0.9,55,290,3202,8,,18.96551724137931,1.7176764522173642,3.150057273768614,
r100_c25|max15,1.2,54,244,3202,8,,22.131147540983605,1.6864459712679576,3.134068485200232,
r100_c25|max15,1.8,46,203,3202,8,,22.660098522167488,1.4366021236727045,2.7019089574155655,
r100_c25|max15,2.4,39,201,3202,6,,19.402985074626866,1.2179887570268582,2.2920952101087275,
r100_c25|max15,3.6,31,118,3202,3,,26.271186440677965,0.9681449094316052,1.8674698795180722,
r100_c25|max15,5.0,13,71,3202,3,,18.309859154929576,0.4059962523422861,0.7943782462572564,
r100_c25|max15,10.0,1,3,3202,1,,33.333333333333336,0.03123048094940662,0.062402496099843996,
r100_c25|max195,0.3,64,1568,3202,0,,4.081632653061225,1.9987507807620237,2.6834381551362685,
r100_c25|max195,0.45,64,463,3202,0,,13.822894168466522,1.9987507807620237,3.4924965893587996,
r100_c25|max195,0.6,61,454,3202,0,,13.43612334801762,1.9050593379138039,3.336980306345733,
r100_c25|max195,0.9,62,298,3202,0,,20.80536912751678,1.9362898188632105,3.5428571428571427,
r100_c25|max195,1.2,61,252,3202,0,,24.206349206349206,1.9050593379138039,3.5321366531557614,
r100_c25|max195,1.8,53,211,3202,0,,25.118483412322274,1.655215490318551,3.1057720480515676,
r100_c25|max195,2.4,44,207,3202,0,,21.256038647342994,1.3741411617738912,2.5814021707245525,
r100_c25|max195,3.6,34,121,3202,0,,28.09917355371901,1.061836352279825,2.0463436653626244,
r100_c25|max195,5.0,16,74,3202,0,,21.62162162162162,0.49968769519050593,0.9768009768009768,
r100_c25|max195,10.0,2,4,3202,0,,50.0,0.06246096189881324,0.12476606363069245,
r100_c25|max20,0.3,62,1566,3202,2,,3.9591315453384417,1.9362898188632105,2.6006711409395975,
r100_c25|max20,0.45,62,461,3202,2,,13.449023861171366,1.9362898188632105,3.3852033852033854,
r100_c25|max20,0.6,59,452,3202,2,,13.053097345132743,1.8425983760149907,3.2293377120963327,
r100_c25|max20,0.9,60,296,3202,2,,20.27027027027027,1.8738288569643973,3.4305317324185247,
r100_c25|max20,1.2,59,250,3202,2,,23.6,1.8425983760149907,3.418308227114716,
r100_c25|max20,1.8,51,209,3202,2,,24.401913875598087,1.5927545284197377,2.990325417766051,
r100_c25|max20,2.4,43,206,3202,1,,20.87378640776699,1.3429106808244846,2.523474178403756,
r100_c25|max20,3.6,33,120,3202,1,,27.5,1.0306058713304185,1.9867549668874172,
r100_c25|max20,5.0,15,73,3202,1,,20.54794520547945,0.4684572142410993,0.916030534351145,
r100_c25|max20,10.0,2,4,3202,0,,50.0,0.06246096189881324,0.12476606363069245,
r100_c25|max30,0.3,64,1568,3202,0,,4.081632653061225,1.9987507807620237,2.6834381551362685,
r100_c25|max30,0.45,64,463,3202,0,,13.822894168466522,1.9987507807620237,3.4924965893587996,
r100_c25|max30,0.6,61,454,3202,0,,13.43612334801762,1.9050593379138039,3.336980306345733,
r100_c25|max30,0.9,62,298,3202,0,,20.80536912751678,1.9362898188632105,3.5428571428571427,
r100_c25|max30,1.2,61,252,3202,0,,24.206349206349206,1.9050593379138039,3.5321366531557614,
r100_c25|max30,1.8,53,211,3202,0,,25.118483412322274,1.655215490318551,3.1057720480515676,
r100_c25|max30,2.4,44,207,3202,0,,21.256038647342994,1.3741411617738912,2.5814021707245525,
r100_c25|max30,3.6,34,121,3202,0,,28.09917355371901,1.061836352279825,2.0463436653626244,
r100_c25|max30,5.0,16,74,3202,0,,21.62162162162162,0.49968769519050593,0.9768009768009768,
r100_c25|max30,10.0,2,4,3202,0,,50.0,0.06246096189881324,0.12476606363069245,
r100_c25|max60,0.3,64,1568,3202,0,,4.081632653061225,1.9987507807620237,2.6834381551362685,
r100_c25|max60,0.45,64,463,3202,0,,13.822894168466522,1.9987507807620237,3.4924965893587996,
r100_c25|max60,0.6,61,454,3202,0,,13.43612334801762,1.9050593379138039,3.336980306345733,
r100_c25|max60,0.9,62,298,3202,0,,20.80536912751678,1.9362898188632105,3.5428571428571427,
r100_c25|max60,1.2,61,252,3202,0,,24.206349206349206,1.9050593379138039,3.5321366531557614,
r100_c25|max60,1.8,53,211,3202,0,,25.118483412322274,1.655215490318551,3.1057720480515676,
r100_c25|max60,2.4,44,207,3202,0,,21.256038647342994,1.3741411617738912,2.5814021707245525,
r100_c25|max60,3.6,34,121,3202,0,,28.09917355371901,1.061836352279825,2.0463436653626244,
r100_c25|max60,5.0,16,74,3202,0,,21.62162162162162,0.49968769519050593,0.9768009768009768,
r100_c25|max60,10.0,2,4,3202,0,,50.0,0.06246096189881324,0.12476606363069245,
r100_c40|max15,0.3,18,268,3202,1,,6.7164179104477615,0.5621486570893192,1.037463976945245,
r100_c40|max15,0.45,16,109,3202,1,,14.678899082568808,0.49968769519050593,0.9664753850800363,
r100_c40|max15,0.6,16,104,3202,1,,15.384615384615385,0.49968769519050593,0.9679370840895342,
r100_c40|max15,0.9,15,71,3202,1,,21.12676056338028,0.4684572142410993,0.916590284142988,
r100_c40|max15,1.2,13,69,3202,1,,18.840579710144926,0.4059962523422861,0.7948639559767655,
r100_c40|max15,1.8,8,60,3202,1,,13.333333333333334,0.24984384759525297,0.49049662783568365,
r100_c40|max15,2.4,8,46,3202,1,,17.391304347826086,0.24984384759525297,0.49261083743842365,
r100_c40|max15,3.6,4,31,3202,1,,12.903225806451612,0.12492192379762648,0.24744819053510672,
r100_c40|max15,5.0,1,12,3202,1,,8.333333333333334,0.03123048094940662,0.06222775357809583,
r100_c40|max15,10.0,0,2,3202,0,,0.0,0.0,0.0,
r100_c40|max195,0.3,19,269,3202,0,,7.063197026022305,0.5933791380387258,1.094785364448286,
r100_c40|max195,0.45,17,110,3202,0,,15.454545454545455,0.5309181761399125,1.0265700483091786,
r100_c40|max195,0.6,17,105,3202,0,,16.19047619047619,0.5309181761399125,1.0281221651043242,
r100_c40|max195,0.9,16,72,3202,0,,22.22222222222222,0.49968769519050593,0.9773976786805131,
r100_c40|max195,1.2,14,70,3202,0,,20.0,0.4372267332916927,0.8557457212713936,
r100_c40|max195,1.8,9,61,3202,0,,14.754098360655737,0.2810743285446596,0.5516395954642966,
r100_c40|max195,2.4,9,47,3202,0,,19.148936170212767,0.2810743285446596,0.554016620498615,
r100_c40|max195,3.6,5,32,3202,0,,15.625,0.1561524047470331,0.30921459492888065,
r100_c40|max195,5.0,2,13,3202,0,,15.384615384615385,0.06246096189881324,0.12441679626749612,
r100_c40|max195,10.0,0,2,3202,0,,0.0,0.0,0.0,
r100_c40|max20,0.3,18,268,3202,1,,6.7164179104477615,0.5621486570893192,1.037463976945245,
r100_c40|max20,0.45,16,109,3202,1,,14.678899082568808,0.49968769519050593,0.9664753850800363,
r100_c40|max20,0.6,16,104,3202,1,,15.384615384615385,0.49968769519050593,0.9679370840895342,
r100_c40|max20,0.9,15,71,3202,1,,21.12676056338028,0.4684572142410993,0.916590284142988,
r100_c40|max20,1.2,13,69,3202,1,,18.840579710144926,0.4059962523422861,0.7948639559767655,
r100_c40|max20,1.8,8,60,3202,1,,13.333333333333334,0.24984384759525297,0.49049662783568365,
r100_c40|max20,2.4,8,46,3202,1,,17.391304347826086,0.24984384759525297,0.49261083743842365,
r100_c40|max20,3.6,4,31,3202,1,,12.903225806451612,0.12492192379762648,0.24744819053510672,
r100_c40|max20,5.0,1,12,3202,1,,8.333333333333334,0.03123048094940662,0.06222775357809583,
r100_c40|max20,10.0,0,2,3202,0,,0.0,0.0,0.0,
r100_c40|max30,0.3,19,269,3202,0,,7.063197026022305,0.5933791380387258,1.094785364448286,
r100_c40|max30,0.45,17,110,3202,0,,15.454545454545455,0.5309181761399125,1.0265700483091786,
r100_c40|max30,0.6,17,105,3202,0,,16.19047619047619,0.5309181761399125,1.0281221651043242,
r100_c40|max30,0.9,16,72,3202,0,,22.22222222222222,0.49968769519050593,0.9773976786805131,
r100_c40|max30,1.2,14,70,3202,0,,20.0,0.4372267332916927,0.8557457212713936,
r100_c40|max30,1.8,9,61,3202,0,,14.754098360655737,0.2810743285446596,0.5516395954642966,
r100_c40|max30,2.4,9,47,3202,0,,19.148936170212767,0.2810743285446596,0.554016620498615,
r100_c40|max30,3.6,5,32,3202,0,,15.625,0.1561524047470331,0.30921459492888065,
r100_c40|max30,5.0,2,13,3202,0,,15.384615384615385,0.06246096189881324,0.12441679626749612,
r100_c40|max30,10.0,0,2,3202,0,,0.0,0.0,0.0,
r100_c40|max60,0.3,19,269,3202,0,,7.063197026022305,0.5933791380387258,1.094785364448286,
r100_c40|max60,0.45,17,110,3202,0,,15.454545454545455,0.5309181761399125,1.0265700483091786,
r100_c40|max60,0.6,17,105,3202,0,,16.19047619047619,0.5309181761399125,1.0281221651043242,
r100_c40|max60,0.9,16,72,3202,0,,22.22222222222222,0.49968769519050593,0.9773976786805131,
r100_c40|max60,1.2,14,70,3202,0,,20.0,0.4372267332916927,0.8557457212713936,
r100_c40|max60,1.8,9,61,3202,0,,14.754098360655737,0.2810743285446596,0.5516395954642966,
r100_c40|max60,2.4,9,47,3202,0,,19.148936170212767,0.2810743285446596,0.554016620498615,
r100_c40|max60,3.6,5,32,3202,0,,15.625,0.1561524047470331,0.30921459492888065,
r100_c40|max60,5.0,2,13,3202,0,,15.384615384615385,0.06246096189881324,0.12441679626749612,
r100_c40|max60,10.0,0,2,3202,0,,0.0,0.0,0.0,
r120_c15|max15,0.3,136,4708,3202,40,,2.888700084961767,4.2473454091193,3.4386852085967132,
r120_c15|max15,0.45,130,1161,3202,37,,11.19724375538329,4.059962523422861,5.959202383680953,
r120_c15|max15,0.6,138,1041,3202,34,,13.256484149855908,4.309806371018114,6.504831487155315,
r120_c15|max15,0.9,132,592,3202,31,,22.2972972972973,4.122423485321674,6.958355297838692,
r120_c15|max15,1.2,130,506,3202,28,,25.691699604743082,4.059962523422861,7.011866235167206,
r120_c15|max15,1.8,119,430,3202,25,,27.674418604651162,3.7164272329793877,6.552863436123348,
r120_c15|max15,2.4,112,379,3202,21,,29.551451187335093,3.4978138663335416,6.255235967606814,
r120_c15|max15,3.6,81,280,3202,17,,28.928571428571427,2.5296689569019364,4.652498564043653,
r120_c15|max15,5.0,52,220,3202,9,,23.636363636363637,1.6239850093691444,3.0391583869082406,
r120_c15|max15,10.0,2,33,3202,3,,6.0606060606060606,0.06246096189881324,0.12364760432766615,
r120_c15|max195,0.3,169,4748,3202,0,,3.5593934288121316,5.277951280449719,4.251572327044025,
r120_c15|max195,0.45,161,1198,3202,0,,13.43906510851419,5.028107432854466,7.318181818181818,
r120_c15|max195,0.6,165,1075,3202,0,,15.348837209302326,5.153029356652093,7.715688566752396,
r120_c15|max195,0.9,156,623,3202,0,,25.040128410914928,4.871955028107433,8.156862745098039,
r120_c15|max195,1.2,152,534,3202,0,,28.46441947565543,4.747033104309806,8.137044967880085,
r120_c15|max195,1.8,138,455,3202,0,,30.32967032967033,4.309806371018114,7.547169811320755,
r120_c15|max195,2.4,128,400,3202,0,,32.0,3.9975015615240475,7.107162687395891,
r120_c15|max195,3.6,93,297,3202,0,,31.31313131313131,2.9044347282948157,5.315804515575879,
r120_c15|max195,5.0,56,229,3202,0,,24.45414847161572,1.7489069331667708,3.2643544156222677,
r120_c15|max195,10.0,4,36,3202,0,,11.11111111111111,0.12492192379762648,0.24706609017912293,
r120_c15|max20,0.3,164,4741,3202,7,,3.459185825775153,5.1217988757026855,4.129422132695455,
r120_c15|max20,0.45,156,1191,3202,7,,13.09823677581864,4.871955028107433,7.1022080582745275,
r120_c15|max20,0.6,160,1069,3202,6,,14.967259120673527,4.996876951905059,7.492390540856942,
r120_c15|max20,0.9,151,616,3202,7,,24.51298701298701,4.7158026233604,7.909900471451022,
r120_c15|max20,1.2,147,527,3202,7,,27.893738140417458,4.590880699562773,7.884151246983105,
r120_c15|max20,1.8,134,449,3202,6,,29.844097995545656,4.184884447220488,7.340454669953437,
r120_c15|max20,2.4,124,394,3202,6,,31.472081218274113,3.872579637726421,6.896551724137931,
r120_c15|max20,3.6,89,292,3202,5,,30.47945205479452,2.7795128044971893,5.094447624499141,
r120_c15|max20,5.0,54,225,3202,4,,24.0,1.6864459712679576,3.151444412022177,
r120_c15|max20,10.0,3,34,3202,2,,8.823529411764707,0.09369144284821987,0.18541409147095178,
r120_c15|max30,0.3,168,4747,3202,1,,3.5390773119865178,5.246720799500312,4.226946785759215,
r120_c15|max30,0.45,160,1197,3202,1,,13.366750208855471,4.996876951905059,7.274380541032053,
r120_c15|max30,0.6,164,1074,3202,1,,15.270018621973929,5.1217988757026855,7.670720299345183,
r120_c15|max30,0.9,156,623,3202,0,,25.040128410914928,4.871955028107433,8.156862745098039,
r120_c15|max30,1.2,152,534,3202,0,,28.46441947565543,4.747033104309806,8.137044967880085,
r120_c15|max30,1.8,138,455,3202,0,,30.32967032967033,4.309806371018114,7.547169811320755,
r120_c15|max30,2.4,128,400,3202,0,,32.0,3.9975015615240475,7.107162687395891,
r120_c15|max30,3.6,93,297,3202,0,,31.31313131313131,2.9044347282948157,5.315804515575879,
r120_c15|max30,5.0,56,229,3202,0,,24.45414847161572,1.7489069331667708,3.2643544156222677,
r120_c15|max30,10.0,4,36,3202,0,,11.11111111111111,0.12492192379762648,0.24706609017912293,
r120_c15|max60,0.3,169,4748,3202,0,,3.5593934288121316,5.277951280449719,4.251572327044025,
r120_c15|max60,0.45,161,1198,3202,0,,13.43906510851419,5.028107432854466,7.318181818181818,
r120_c15|max60,0.6,165,1075,3202,0,,15.348837209302326,5.153029356652093,7.715688566752396,
r120_c15|max60,0.9,156,623,3202,0,,25.040128410914928,4.871955028107433,8.156862745098039,
r120_c15|max60,1.2,152,534,3202,0,,28.46441947565543,4.747033104309806,8.137044967880085,
r120_c15|max60,1.8,138,455,3202,0,,30.32967032967033,4.309806371018114,7.547169811320755,
r120_c15|max60,2.4,128,400,3202,0,,32.0,3.9975015615240475,7.107162687395891,
r120_c15|max60,3.6,93,297,3202,0,,31.31313131313131,2.9044347282948157,5.315804515575879,
r120_c15|max60,5.0,56,229,3202,0,,24.45414847161572,1.7489069331667708,3.2643544156222677,
r120_c15|max60,10.0,4,36,3202,0,,11.11111111111111,0.12492192379762648,0.24706609017912293,
r120_c25|max15,0.3,56,1558,3202,10,,3.594351732991014,1.7489069331667708,2.3529411764705883,
r120_c25|max15,0.45,56,453,3202,9,,12.362030905077262,1.7489069331667708,3.064295485636115,
r120_c25|max15,0.6,54,446,3202,8,,12.10762331838565,1.6864459712679576,2.960526315789474,
r120_c25|max15,0.9,55,290,3202,8,,18.96551724137931,1.7176764522173642,3.150057273768614,
r120_c25|max15,1.2,54,244,3202,8,,22.131147540983605,1.6864459712679576,3.134068485200232,
r120_c25|max15,1.8,46,203,3202,8,,22.660098522167488,1.4366021236727045,2.7019089574155655,
r120_c25|max15,2.4,39,201,3202,6,,19.402985074626866,1.2179887570268582,2.2920952101087275,
r120_c25|max15,3.6,31,118,3202,3,,26.271186440677965,0.9681449094316052,1.8674698795180722,
r120_c25|max15,5.0,13,71,3202,3,,18.309859154929576,0.4059962523422861,0.7943782462572564,
r120_c25|max15,10.0,1,3,3202,1,,33.333333333333336,0.03123048094940662,0.062402496099843996,
r120_c25|max195,0.3,64,1568,3202,0,,4.081632653061225,1.9987507807620237,2.6834381551362685,
r120_c25|max195,0.45,64,462,3202,0,,13.852813852813853,1.9987507807620237,3.493449781659389,
r120_c25|max195,0.6,61,454,3202,0,,13.43612334801762,1.9050593379138039,3.336980306345733,
r120_c25|max195,0.9,62,298,3202,0,,20.80536912751678,1.9362898188632105,3.5428571428571427,
r120_c25|max195,1.2,61,252,3202,0,,24.206349206349206,1.9050593379138039,3.5321366531557614,
r120_c25|max195,1.8,53,211,3202,0,,25.118483412322274,1.655215490318551,3.1057720480515676,
r120_c25|max195,2.4,44,207,3202,0,,21.256038647342994,1.3741411617738912,2.5814021707245525,
r120_c25|max195,3.6,34,121,3202,0,,28.09917355371901,1.061836352279825,2.0463436653626244,
r120_c25|max195,5.0,16,74,3202,0,,21.62162162162162,0.49968769519050593,0.9768009768009768,
r120_c25|max195,10.0,2,4,3202,0,,50.0,0.06246096189881324,0.12476606363069245,
r120_c25|max20,0.3,62,1566,3202,2,,3.9591315453384417,1.9362898188632105,2.6006711409395975,
r120_c25|max20,0.45,62,460,3202,2,,13.478260869565217,1.9362898188632105,3.3861277990169305,
r120_c25|max20,0.6,59,452,3202,2,,13.053097345132743,1.8425983760149907,3.2293377120963327,
r120_c25|max20,0.9,60,296,3202,2,,20.27027027027027,1.8738288569643973,3.4305317324185247,
r120_c25|max20,1.2,59,250,3202,2,,23.6,1.8425983760149907,3.418308227114716,
r120_c25|max20,1.8,51,209,3202,2,,24.401913875598087,1.5927545284197377,2.990325417766051,
r120_c25|max20,2.4,43,206,3202,1,,20.87378640776699,1.3429106808244846,2.523474178403756,
r120_c25|max20,3.6,33,120,3202,1,,27.5,1.0306058713304185,1.9867549668874172,
r120_c25|max20,5.0,15,73,3202,1,,20.54794520547945,0.4684572142410993,0.916030534351145,
r120_c25|max20,10.0,2,4,3202,0,,50.0,0.06246096189881324,0.12476606363069245,
r120_c25|max30,0.3,64,1568,3202,0,,4.081632653061225,1.9987507807620237,2.6834381551362685,
r120_c25|max30,0.45,64,462,3202,0,,13.852813852813853,1.9987507807620237,3.493449781659389,
r120_c25|max30,0.6,61,454,3202,0,,13.43612334801762,1.9050593379138039,3.336980306345733,
r120_c25|max30,0.9,62,298,3202,0,,20.80536912751678,1.9362898188632105,3.5428571428571427,
r120_c25|max30,1.2,61,252,3202,0,,24.206349206349206,1.9050593379138039,3.5321366531557614,
r120_c25|max30,1.8,53,211,3202,0,,25.118483412322274,1.655215490318551,3.1057720480515676,
r120_c25|max30,2.4,44,207,3202,0,,21.256038647342994,1.3741411617738912,2.5814021707245525,
r120_c25|max30,3.6,34,121,3202,0,,28.09917355371901,1.061836352279825,2.0463436653626244,
r120_c25|max30,5.0,16,74,3202,0,,21.62162162162162,0.49968769519050593,0.9768009768009768,
r120_c25|max30,10.0,2,4,3202,0,,50.0,0.06246096189881324,0.12476606363069245,
r120_c25|max60,0.3,64,1568,3202,0,,4.081632653061225,1.9987507807620237,2.6834381551362685,
r120_c25|max60,0.45,64,462,3202,0,,13.852813852813853,1.9987507807620237,3.493449781659389,
r120_c25|max60,0.6,61,454,3202,0,,13.43612334801762,1.9050593379138039,3.336980306345733,
r120_c25|max60,0.9,62,298,3202,0,,20.80536912751678,1.9362898188632105,3.5428571428571427,
r120_c25|max60,1.2,61,252,3202,0,,24.206349206349206,1.9050593379138039,3.5321366531557614,
r120_c25|max60,1.8,53,211,3202,0,,25.118483412322274,1.655215490318551,3.1057720480515676,
r120_c25|max60,2.4,44,207,3202,0,,21.256038647342994,1.3741411617738912,2.5814021707245525,
r120_c25|max60,3.6,34,121,3202,0,,28.09917355371901,1.061836352279825,2.0463436653626244,
r120_c25|max60,5.0,16,74,3202,0,,21.62162162162162,0.49968769519050593,0.9768009768009768,
r120_c25|max60,10.0,2,4,3202,0,,50.0,0.06246096189881324,0.12476606363069245,
r120_c40|max15,0.3,18,268,3202,1,,6.7164179104477615,0.5621486570893192,1.037463976945245,
r120_c40|max15,0.45,16,109,3202,1,,14.678899082568808,0.49968769519050593,0.9664753850800363,
r120_c40|max15,0.6,16,104,3202,1,,15.384615384615385,0.49968769519050593,0.9679370840895342,
r120_c40|max15,0.9,15,71,3202,1,,21.12676056338028,0.4684572142410993,0.916590284142988,
r120_c40|max15,1.2,13,69,3202,1,,18.840579710144926,0.4059962523422861,0.7948639559767655,
r120_c40|max15,1.8,8,60,3202,1,,13.333333333333334,0.24984384759525297,0.49049662783568365,
r120_c40|max15,2.4,8,46,3202,1,,17.391304347826086,0.24984384759525297,0.49261083743842365,
r120_c40|max15,3.6,4,31,3202,1,,12.903225806451612,0.12492192379762648,0.24744819053510672,
r120_c40|max15,5.0,1,12,3202,1,,8.333333333333334,0.03123048094940662,0.06222775357809583,
r120_c40|max15,10.0,0,2,3202,0,,0.0,0.0,0.0,
r120_c40|max195,0.3,19,269,3202,0,,7.063197026022305,0.5933791380387258,1.094785364448286,
r120_c40|max195,0.45,17,110,3202,0,,15.454545454545455,0.5309181761399125,1.0265700483091786,
r120_c40|max195,0.6,17,105,3202,0,,16.19047619047619,0.5309181761399125,1.0281221651043242,
r120_c40|max195,0.9,16,72,3202,0,,22.22222222222222,0.49968769519050593,0.9773976786805131,
r120_c40|max195,1.2,14,70,3202,0,,20.0,0.4372267332916927,0.8557457212713936,
r120_c40|max195,1.8,9,61,3202,0,,14.754098360655737,0.2810743285446596,0.5516395954642966,
r120_c40|max195,2.4,9,47,3202,0,,19.148936170212767,0.2810743285446596,0.554016620498615,
r120_c40|max195,3.6,5,32,3202,0,,15.625,0.1561524047470331,0.30921459492888065,
r120_c40|max195,5.0,2,13,3202,0,,15.384615384615385,0.06246096189881324,0.12441679626749612,
r120_c40|max195,10.0,0,2,3202,0,,0.0,0.0,0.0,
r120_c40|max20,0.3,18,268,3202,1,,6.7164179104477615,0.5621486570893192,1.037463976945245,
r120_c40|max20,0.45,16,109,3202,1,,14.678899082568808,0.49968769519050593,0.9664753850800363,
r120_c40|max20,0.6,16,104,3202,1,,15.384615384615385,0.49968769519050593,0.9679370840895342,
r120_c40|max20,0.9,15,71,3202,1,,21.12676056338028,0.4684572142410993,0.916590284142988,
r120_c40|max20,1.2,13,69,3202,1,,18.840579710144926,0.4059962523422861,0.7948639559767655,
r120_c40|max20,1.8,8,60,3202,1,,13.333333333333334,0.24984384759525297,0.49049662783568365,
r120_c40|max20,2.4,8,46,3202,1,,17.391304347826086,0.24984384759525297,0.49261083743842365,
r120_c40|max20,3.6,4,31,3202,1,,12.903225806451612,0.12492192379762648,0.24744819053510672,
r120_c40|max20,5.0,1,12,3202,1,,8.333333333333334,0.03123048094940662,0.06222775357809583,
r120_c40|max20,10.0,0,2,3202,0,,0.0,0.0,0.0,
r120_c40|max30,0.3,19,269,3202,0,,7.063197026022305,0.5933791380387258,1.094785364448286,
r120_c40|max30,0.45,17,110,3202,0,,15.454545454545455,0.5309181761399125,1.0265700483091786,
r120_c40|max30,0.6,17,105,3202,0,,16.19047619047619,0.5309181761399125,1.0281221651043242,
r120_c40|max30,0.9,16,72,3202,0,,22.22222222222222,0.49968769519050593,0.9773976786805131,
r120_c40|max30,1.2,14,70,3202,0,,20.0,0.4372267332916927,0.8557457212713936,
r120_c40|max30,1.8,9,61,3202,0,,14.754098360655737,0.2810743285446596,0.5516395954642966,
r120_c40|max30,2.4,9,47,3202,0,,19.148936170212767,0.2810743285446596,0.554016620498615,
r120_c40|max30,3.6,5,32,3202,0,,15.625,0.1561524047470331,0.30921459492888065,
r120_c40|max30,5.0,2,13,3202,0,,15.384615384615385,0.06246096189881324,0.12441679626749612,
r120_c40|max30,10.0,0,2,3202,0,,0.0,0.0,0.0,
r120_c40|max60,0.3,19,269,3202,0,,7.063197026022305,0.5933791380387258,1.094785364448286,
r120_c40|max60,0.45,17,110,3202,0,,15.454545454545455,0.5309181761399125,1.0265700483091786,
r120_c40|max60,0.6,17,105,3202,0,,16.19047619047619,0.5309181761399125,1.0281221651043242,
r120_c40|max60,0.9,16,72,3202,0,,22.22222222222222,0.49968769519050593,0.9773976786805131,
r120_c40|max60,1.2,14,70,3202,0,,20.0,0.4372267332916927,0.8557457212713936,
r120_c40|max60,1.8,9,61,3202,0,,14.754098360655737,0.2810743285446596,0.5516395954642966,
r120_c40|max60,2.4,9,47,3202,0,,19.148936170212767,0.2810743285446596,0.554016620498615,
r120_c40|max60,3.6,5,32,3202,0,,15.625,0.1561524047470331,0.30921459492888065,
r120_c40|max60,5.0,2,13,3202,0,,15.384615384615385,0.06246096189881324,0.12441679626749612,
r120_c40|max60,10.0,0,2,3202,0,,0.0,0.0,0.0,
r140_c15|max15,0.3,136,4773,3202,39,,2.8493609888958726,4.2473454091193,3.4106583072100314,
r140_c15|max15,0.45,130,1181,3202,37,,11.00762066045724,4.059962523422861,5.93201003878622,
r140_c15|max15,0.6,137,1057,3202,34,,12.961210974456007,4.278575890068707,6.433435078656962,
r140_c15|max15,0.9,131,597,3202,31,,21.943048576214405,4.0911930043722675,6.896551724137931,
r140_c15|max15,1.2,129,506,3202,28,,25.49407114624506,4.028732042473454,6.957928802588997,
r140_c15|max15,1.8,119,420,3202,25,,28.333333333333332,3.7164272329793877,6.570955273329652,
r140_c15|max15,2.4,111,375,3202,21,,29.6,3.466583385384135,6.206318143695834,
r140_c15|max15,3.6,80,274,3202,16,,29.197080291970803,2.4984384759525295,4.602991944764097,
r140_c15|max15,5.0,50,213,3202,8,,23.474178403755868,1.5615240474703311,2.9282576866764276,
r140_c15|max15,10.0,2,33,3202,3,,6.0606060606060606,0.06246096189881324,0.12364760432766615,
r140_c15|max195,0.3,168,4812,3202,0,,3.491271820448878,5.246720799500312,4.192662840029947,
r140_c15|max195,0.45,161,1218,3202,0,,13.218390804597702,5.028107432854466,7.285067873303167,
r140_c15|max195,0.6,164,1091,3202,0,,15.032080659945004,5.1217988757026855,7.640344747262986,
r140_c15|max195,0.9,155,628,3202,0,,24.681528662420384,4.840724547158026,8.093994778067884,
r140_c15|max195,1.2,151,534,3202,0,,28.277153558052433,4.7158026233604,8.083511777301927,
r140_c15|max195,1.8,138,445,3202,0,,31.01123595505618,4.309806371018114,7.567863997806416,
r140_c15|max195,2.4,127,396,3202,0,,32.07070707070707,3.966271080574641,7.0594774874930515,
r140_c15|max195,3.6,91,290,3202,0,,31.379310344827587,2.8419737663960025,5.211912943871707,
r140_c15|max195,5.0,54,221,3202,0,,24.43438914027149,1.6864459712679576,3.1551270815074495,
r140_c15|max195,10.0,4,36,3202,0,,11.11111111111111,0.12492192379762648,0.24706609017912293,
r140_c15|max20,0.3,163,4806,3202,6,,3.3915938410320434,5.090568394753279,4.070929070929071,
r140_c15|max20,0.45,156,1212,3202,6,,12.871287128712872,4.871955028107433,7.068418667874943,
r140_c15|max20,0.6,159,1085,3202,6,,14.654377880184331,4.965646470955653,7.41777466759972,
r140_c15|max20,0.9,150,622,3202,6,,24.115755627009648,4.684572142410993,7.845188284518828,
r140_c15|max20,1.2,146,528,3202,6,,27.651515151515152,4.559650218613367,7.828418230563003,
r140_c15|max20,1.8,134,440,3202,5,,30.454545454545453,4.184884447220488,7.358594179022515,
r140_c15|max20,2.4,123,390,3202,6,,31.53846153846154,3.841349156777014,6.848552338530067,
r140_c15|max20,3.6,88,285,3202,5,,30.87719298245614,2.7482823235477825,5.047318611987381,
r140_c15|max20,5.0,52,217,3202,4,,23.963133640552996,1.6239850093691444,3.041825095057034,
r140_c15|max20,10.0,3,34,3202,2,,8.823529411764707,0.09369144284821987,0.18541409147095178,
r140_c15|max30,0.3,167,4811,3202,1,,3.471211806277281,5.215490318550906,4.168226631723449,
r140_c15|max30,0.45,160,1217,3202,1,,13.14708299096138,4.996876951905059,7.241457343290337,
r140_c15|max30,0.6,163,1090,3202,1,,14.954128440366972,5.090568394753279,7.595526561043802,
r140_c15|max30,0.9,155,628,3202,0,,24.681528662420384,4.840724547158026,8.093994778067884,
r140_c15|max30,1.2,151,534,3202,0,,28.277153558052433,4.7158026233604,8.083511777301927,
r140_c15|max30,1.8,138,445,3202,0,,31.01123595505618,4.309806371018114,7.567863997806416,
r140_c15|max30,2.4,127,396,3202,0,,32.07070707070707,3.966271080574641,7.0594774874930515,
r140_c15|max30,3.6,91,290,3202,0,,31.379310344827587,2.8419737663960025,5.211912943871707,
r140_c15|max30,5.0,54,221,3202,0,,24.43438914027149,1.6864459712679576,3.1551270815074495,
r140_c15|max30,10.0,4,36,3202,0,,11.11111111111111,0.12492192379762648,0.24706609017912293,
r140_c15|max60,0.3,168,4812,3202,0,,3.491271820448878,5.246720799500312,4.192662840029947,
r140_c15|max60,0.45,161,1218,3202,0,,13.218390804597702,5.028107432854466,7.285067873303167,
r140_c15|max60,0.6,164,1091,3202,0,,15.032080659945004,5.1217988757026855,7.640344747262986,
r140_c15|max60,0.9,155,628,3202,0,,24.681528662420384,4.840724547158026,8.093994778067884,
r140_c15|max60,1.2,151,534,3202,0,,28.277153558052433,4.7158026233604,8.083511777301927,
r140_c15|max60,1.8,138,445,3202,0,,31.01123595505618,4.309806371018114,7.567863997806416,
r140_c15|max60,2.4,127,396,3202,0,,32.07070707070707,3.966271080574641,7.0594774874930515,
r140_c15|max60,3.6,91,290,3202,0,,31.379310344827587,2.8419737663960025,5.211912943871707,
r140_c15|max60,5.0,54,221,3202,0,,24.43438914027149,1.6864459712679576,3.1551270815074495,
r140_c15|max60,10.0,4,36,3202,0,,11.11111111111111,0.12492192379762648,0.24706609017912293,
r140_c25|max15,0.3,56,1560,3202,10,,3.58974358974359,1.7489069331667708,2.351952960940781,
r140_c25|max15,0.45,56,453,3202,9,,12.362030905077262,1.7489069331667708,3.064295485636115,
r140_c25|max15,0.6,54,446,3202,8,,12.10762331838565,1.6864459712679576,2.960526315789474,
r140_c25|max15,0.9,55,290,3202,8,,18.96551724137931,1.7176764522173642,3.150057273768614,
r140_c25|max15,1.2,54,244,3202,8,,22.131147540983605,1.6864459712679576,3.134068485200232,
r140_c25|max15,1.8,46,203,3202,8,,22.660098522167488,1.4366021236727045,2.7019089574155655,
r140_c25|max15,2.4,39,201,3202,6,,19.402985074626866,1.2179887570268582,2.2920952101087275,
r140_c25|max15,3.6,31,118,3202,3,,26.271186440677965,0.9681449094316052,1.8674698795180722,
r140_c25|max15,5.0,13,71,3202,3,,18.309859154929576,0.4059962523422861,0.7943782462572564,
r140_c25|max15,10.0,1,3,3202,1,,33.333333333333336,0.03123048094940662,0.062402496099843996,
r140_c25|max195,0.3,64,1570,3202,0,,4.076433121019108,1.9987507807620237,2.682313495389774,
r140_c25|max195,0.45,64,462,3202,0,,13.852813852813853,1.9987507807620237,3.493449781659389,
r140_c25|max195,0.6,61,454,3202,0,,13.43612334801762,1.9050593379138039,3.336980306345733,
r140_c25|max195,0.9,62,298,3202,0,,20.80536912751678,1.9362898188632105,3.5428571428571427,
r140_c25|max195,1.2,61,252,3202,0,,24.206349206349206,1.9050593379138039,3.5321366531557614,
r140_c25|max195,1.8,53,211,3202,0,,25.118483412322274,1.655215490318551,3.1057720480515676,
r140_c25|max195,2.4,44,207,3202,0,,21.256038647342994,1.3741411617738912,2.5814021707245525,
r140_c25|max195,3.6,34,121,3202,0,,28.09917355371901,1.061836352279825,2.0463436653626244,
r140_c25|max195,5.0,16,74,3202,0,,21.62162162162162,0.49968769519050593,0.9768009768009768,
r140_c25|max195,10.0,2,4,3202,0,,50.0,0.06246096189881324,0.12476606363069245,
r140_c25|max20,0.3,62,1568,3202,2,,3.954081632653061,1.9362898188632105,2.59958071278826,
r140_c25|max20,0.45,62,460,3202,2,,13.478260869565217,1.9362898188632105,3.3861277990169305,
r140_c25|max20,0.6,59,452,3202,2,,13.053097345132743,1.8425983760149907,3.2293377120963327,
r140_c25|max20,0.9,60,296,3202,2,,20.27027027027027,1.8738288569643973,3.4305317324185247,
r140_c25|max20,1.2,59,250,3202,2,,23.6,1.8425983760149907,3.418308227114716,
r140_c25|max20,1.8,51,209,3202,2,,24.401913875598087,1.5927545284197377,2.990325417766051,
r140_c25|max20,2.4,43,206,3202,1,,20.87378640776699,1.3429106808244846,2.523474178403756,
r140_c25|max20,3.6,33,120,3202,1,,27.5,1.0306058713304185,1.9867549668874172,
r140_c25|max20,5.0,15,73,3202,1,,20.54794520547945,0.4684572142410993,0.916030534351145,
r140_c25|max20,10.0,2,4,3202,0,,50.0,0.06246096189881324,0.12476606363069245,
r140_c25|max30,0.3,64,1570,3202,0,,4.076433121019108,1.9987507807620237,2.682313495389774,
r140_c25|max30,0.45,64,462,3202,0,,13.852813852813853,1.9987507807620237,3.493449781659389,
r140_c25|max30,0.6,61,454,3202,0,,13.43612334801762,1.9050593379138039,3.336980306345733,
r140_c25|max30,0.9,62,298,3202,0,,20.80536912751678,1.9362898188632105,3.5428571428571427,
r140_c25|max30,1.2,61,252,3202,0,,24.206349206349206,1.9050593379138039,3.5321366531557614,
r140_c25|max30,1.8,53,211,3202,0,,25.118483412322274,1.655215490318551,3.1057720480515676,
r140_c25|max30,2.4,44,207,3202,0,,21.256038647342994,1.3741411617738912,2.5814021707245525,
r140_c25|max30,3.6,34,121,3202,0,,28.09917355371901,1.061836352279825,2.0463436653626244,
r140_c25|max30,5.0,16,74,3202,0,,21.62162162162162,0.49968769519050593,0.9768009768009768,
r140_c25|max30,10.0,2,4,3202,0,,50.0,0.06246096189881324,0.12476606363069245,
r140_c25|max60,0.3,64,1570,3202,0,,4.076433121019108,1.9987507807620237,2.682313495389774,
r140_c25|max60,0.45,64,462,3202,0,,13.852813852813853,1.9987507807620237,3.493449781659389,
r140_c25|max60,0.6,61,454,3202,0,,13.43612334801762,1.9050593379138039,3.336980306345733,
r140_c25|max60,0.9,62,298,3202,0,,20.80536912751678,1.9362898188632105,3.5428571428571427,
r140_c25|max60,1.2,61,252,3202,0,,24.206349206349206,1.9050593379138039,3.5321366531557614,
r140_c25|max60,1.8,53,211,3202,0,,25.118483412322274,1.655215490318551,3.1057720480515676,
r140_c25|max60,2.4,44,207,3202,0,,21.256038647342994,1.3741411617738912,2.5814021707245525,
r140_c25|max60,3.6,34,121,3202,0,,28.09917355371901,1.061836352279825,2.0463436653626244,
r140_c25|max60,5.0,16,74,3202,0,,21.62162162162162,0.49968769519050593,0.9768009768009768,
r140_c25|max60,10.0,2,4,3202,0,,50.0,0.06246096189881324,0.12476606363069245,
r140_c40|max15,0.3,18,268,3202,1,,6.7164179104477615,0.5621486570893192,1.037463976945245,
r140_c40|max15,0.45,16,109,3202,1,,14.678899082568808,0.49968769519050593,0.9664753850800363,
r140_c40|max15,0.6,16,104,3202,1,,15.384615384615385,0.49968769519050593,0.9679370840895342,
r140_c40|max15,0.9,15,71,3202,1,,21.12676056338028,0.4684572142410993,0.916590284142988,
r140_c40|max15,1.2,13,69,3202,1,,18.840579710144926,0.4059962523422861,0.7948639559767655,
r140_c40|max15,1.8,8,60,3202,1,,13.333333333333334,0.24984384759525297,0.49049662783568365,
r140_c40|max15,2.4,8,46,3202,1,,17.391304347826086,0.24984384759525297,0.49261083743842365,
r140_c40|max15,3.6,4,31,3202,1,,12.903225806451612,0.12492192379762648,0.24744819053510672,
r140_c40|max15,5.0,1,12,3202,1,,8.333333333333334,0.03123048094940662,0.06222775357809583,
r140_c40|max15,10.0,0,2,3202,0,,0.0,0.0,0.0,
r140_c40|max195,0.3,19,269,3202,0,,7.063197026022305,0.5933791380387258,1.094785364448286,
r140_c40|max195,0.45,17,110,3202,0,,15.454545454545455,0.5309181761399125,1.0265700483091786,
r140_c40|max195,0.6,17,105,3202,0,,16.19047619047619,0.5309181761399125,1.0281221651043242,
r140_c40|max195,0.9,16,72,3202,0,,22.22222222222222,0.49968769519050593,0.9773976786805131,
r140_c40|max195,1.2,14,70,3202,0,,20.0,0.4372267332916927,0.8557457212713936,
r140_c40|max195,1.8,9,61,3202,0,,14.754098360655737,0.2810743285446596,0.5516395954642966,
r140_c40|max195,2.4,9,47,3202,0,,19.148936170212767,0.2810743285446596,0.554016620498615,
r140_c40|max195,3.6,5,32,3202,0,,15.625,0.1561524047470331,0.30921459492888065,
r140_c40|max195,5.0,2,13,3202,0,,15.384615384615385,0.06246096189881324,0.12441679626749612,
r140_c40|max195,10.0,0,2,3202,0,,0.0,0.0,0.0,
r140_c40|max20,0.3,18,268,3202,1,,6.7164179104477615,0.5621486570893192,1.037463976945245,
r140_c40|max20,0.45,16,109,3202,1,,14.678899082568808,0.49968769519050593,0.9664753850800363,
r140_c40|max20,0.6,16,104,3202,1,,15.384615384615385,0.49968769519050593,0.9679370840895342,
r140_c40|max20,0.9,15,71,3202,1,,21.12676056338028,0.4684572142410993,0.916590284142988,
r140_c40|max20,1.2,13,69,3202,1,,18.840579710144926,0.4059962523422861,0.7948639559767655,
r140_c40|max20,1.8,8,60,3202,1,,13.333333333333334,0.24984384759525297,0.49049662783568365,
r140_c40|max20,2.4,8,46,3202,1,,17.391304347826086,0.24984384759525297,0.49261083743842365,
r140_c40|max20,3.6,4,31,3202,1,,12.903225806451612,0.12492192379762648,0.24744819053510672,
r140_c40|max20,5.0,1,12,3202,1,,8.333333333333334,0.03123048094940662,0.06222775357809583,
r140_c40|max20,10.0,0,2,3202,0,,0.0,0.0,0.0,
r140_c40|max30,0.3,19,269,3202,0,,7.063197026022305,0.5933791380387258,1.094785364448286,
r140_c40|max30,0.45,17,110,3202,0,,15.454545454545455,0.5309181761399125,1.0265700483091786,
r140_c40|max30,0.6,17,105,3202,0,,16.19047619047619,0.5309181761399125,1.0281221651043242,
r140_c40|max30,0.9,16,72,3202,0,,22.22222222222222,0.49968769519050593,0.9773976786805131,
r140_c40|max30,1.2,14,70,3202,0,,20.0,0.4372267332916927,0.8557457212713936,
r140_c40|max30,1.8,9,61,3202,0,,14.754098360655737,0.2810743285446596,0.5516395954642966,
r140_c40|max30,2.4,9,47,3202,0,,19.148936170212767,0.2810743285446596,0.554016620498615,
r140_c40|max30,3.6,5,32,3202,0,,15.625,0.1561524047470331,0.30921459492888065,
r140_c40|max30,5.0,2,13,3202,0,,15.384615384615385,0.06246096189881324,0.12441679626749612,
r140_c40|max30,10.0,0,2,3202,0,,0.0,0.0,0.0,
r140_c40|max60,0.3,19,269,3202,0,,7.063197026022305,0.5933791380387258,1.094785364448286,
r140_c40|max60,0.45,17,110,3202,0,,15.454545454545455,0.5309181761399125,1.0265700483091786,
r140_c40|max60,0.6,17,105,3202,0,,16.19047619047619,0.5309181761399125,1.0281221651043242,
r140_c40|max60,0.9,16,72,3202,0,,22.22222222222222,0.49968769519050593,0.9773976786805131,
r140_c40|max60,1.2,14,70,3202,0,,20.0,0.4372267332916927,0.8557457212713936,
r140_c40|max60,1.8,9,61,3202,0,,14.754098360655737,0.2810743285446596,0.5516395954642966,
r140_c40|max60,2.4,9,47,3202,0,,19.148936170212767,0.2810743285446596,0.554016620498615,
r140_c40|max60,3.6,5,32,3202,0,,15.625,0.1561524047470331,0.30921459492888065,
r140_c40|max60,5.0,2,13,3202,0,,15.384615384615385,0.06246096189881324,0.12441679626749612,
r140_c40|max60,10.0,0,2,3202,0,,0.0,0.0,0.0,
